image,name,author,format,book_depository_stars,price,currency,old_price,isbn,category,img_paths
https://d1w7fb2mkkr3kw.cloudfront.net/assets/images/book/mid/9781/4087/9781408708989.jpg,Fantastic Beasts and Where to Find Them,J. K. Rowling,Hardback,4.5,11.05,$,21.5,9781408708989,Art-Photography,dataset/Art-Photography/0000001.jpg
https://d1w7fb2mkkr3kw.cloudfront.net/assets/images/book/mid/9780/7522/9780752265629.jpg,The Mindfulness Colouring Book,Emma Farrarons,Paperback,4.0,6.80,$,10.5,9780752265629,Art-Photography,dataset/Art-Photography/0000002.jpg
https://d1w7fb2mkkr3kw.cloudfront.net/assets/images/book/mid/9781/4087/9781408711705.jpg,Fantastic Beasts: The Crimes of Grindelwald - The Original Screenplay,J.K. Rowling,Hardback,4.0,15.14,$,18.0,9781408711705,Art-Photography,dataset/Art-Photography/0000003.jpg
https://d1w7fb2mkkr3kw.cloudfront.net/assets/images/book/mid/9788/8837/9788883705625.jpg,Moleskine Large Watercolour Album And Notebook,Moleskine,Notebook / blank book,0.0,11.86,$,19.9,9788883705625,Art-Photography,dataset/Art-Photography/0000004.jpg
https://d1w7fb2mkkr3kw.cloudfront.net/assets/images/book/mid/9780/1410/9780141014081.jpg,The Complete MAUS,Art Spiegelman,Paperback,4.5,17.61,$,21.1,9780141014081,Art-Photography,dataset/Art-Photography/0000005.jpg
https://d1w7fb2mkkr3kw.cloudfront.net/assets/images/book/mid/9781/2500/9781250038821.jpg,Humans of New York,Brandon Stanton,Hardback,4.5,21.46,$,30.4,9781250038821,Art-Photography,dataset/Art-Photography/0000006.jpg
https://d1w7fb2mkkr3kw.cloudfront.net/assets/images/book/mid/9780/1410/9780141035796.jpg,Ways of Seeing,John Berger,Paperback,4.0,8.36,$,10.3,9780141035796,Art-Photography,dataset/Art-Photography/0000007.jpg
https://d1w7fb2mkkr3kw.cloudfront.net/assets/images/book/mid/9781/8499/9781849941679.jpg,Millie Marotta's Animal Kingdom,Millie Marotta,Paperback,4.5,11.60,$,12.9,9781849941679,Art-Photography,dataset/Art-Photography/0000008.jpg
https://d1w7fb2mkkr3kw.cloudfront.net/assets/images/book/mid/9781/5098/9781509858637.jpg,This is Going to Hurt,Adam Kay,Paperback,4.5,7.6,$,11.4,9781509858637,Biography,dataset/Biography/0000001.jpg
https://d1w7fb2mkkr3kw.cloudfront.net/assets/images/book/mid/9780/1419/9780141986005.jpg,Good Night Stories for Rebel Girls,Elena Favilli,Hardback,4.5,20.86,$,24.0,9780141986005,Biography,dataset/Biography/0000002.jpg
https://d1w7fb2mkkr3kw.cloudfront.net/assets/images/book/mid/9780/2413/9780241334140.jpg,Becoming,Michelle Obama,Hardback,4.5,24.21,$,26.0,9780241334140,Biography,dataset/Biography/0000003.jpg
https://d1w7fb2mkkr3kw.cloudfront.net/assets/images/book/mid/9780/0995/9780099511021.jpg,Educated,Tara Westover,Paperback,4.5,9.61,$,11.5,9780099511021,Biography,dataset/Biography/0000004.jpg
https://d1w7fb2mkkr3kw.cloudfront.net/assets/images/book/mid/9781/7847/9781784701994.jpg,When Breath Becomes Air,Paul Kalanithi,Paperback,4.5,9.05,$,11.5,9781784701994,Biography,dataset/Biography/0000005.jpg
https://d1w7fb2mkkr3kw.cloudfront.net/assets/images/book/mid/9781/4088/9781408878729.jpg,Lost Connections,Johann Hari,Paperback,4.5,8.53,$,11.5,9781408878729,Biography,dataset/Biography/0000006.jpg
https://d1w7fb2mkkr3kw.cloudfront.net/assets/images/book/mid/9781/8460/9781846041242.jpg,Man's Search For Meaning,Viktor E. Frankl,Paperback,4.5,9.66,$,,9781846041242,Biography,dataset/Biography/0000007.jpg
https://d1w7fb2mkkr3kw.cloudfront.net/assets/images/book/mid/9780/3455/9780345514400.jpg,I Know Why the Caged Bird Sings,Maya Angelou,Paperback,4.0,7.07,$,,9780345514400,Biography,dataset/Biography/0000008.jpg
https://d1w7fb2mkkr3kw.cloudfront.net/assets/images/book/mid/9780/7303/9780730324218.jpg,The Barefoot Investor,Scott Pape,Paperback,4.5,14.06,$,17.6,9780730324218,Business-Finance-Law,dataset/Business-Finance-Law/0000001.jpg
https://d1w7fb2mkkr3kw.cloudfront.net/assets/images/book/mid/9781/4391/9781439199190.jpg,How to Win Friends and Influence People,Dale Carnegie,Paperback,4.0,8.3,$,9.5,9781439199190,Business-Finance-Law,dataset/Business-Finance-Law/0000002.jpg
https://d1w7fb2mkkr3kw.cloudfront.net/assets/images/book/mid/9780/1410/9780141033570.jpg,"Thinking, Fast and Slow",Daniel Kahneman,Paperback,4.0,11.5,$,15.0,9780141033570,Business-Finance-Law,dataset/Business-Finance-Law/0000003.jpg
https://d1w7fb2mkkr3kw.cloudfront.net/assets/images/book/mid/9780/2419/9780241958223.jpg,Start With Why,Simon Sinek,Paperback,4.0,8.9,$,12.4,9780241958223,Business-Finance-Law,dataset/Business-Finance-Law/0000004.jpg
https://d1w7fb2mkkr3kw.cloudfront.net/assets/images/book/mid/9781/8460/9781846041242.jpg,Man's Search For Meaning,Viktor E. Frankl,Paperback,4.5,9.66,$,,9781846041242,Business-Finance-Law,dataset/Business-Finance-Law/0000005.jpg
https://d1w7fb2mkkr3kw.cloudfront.net/assets/images/book/mid/9780/2412/9780241257401.jpg,Daring Greatly,Brene Brown,Paperback,4.5,9.6,$,12.4,9780241257401,Business-Finance-Law,dataset/Business-Finance-Law/0000006.jpg
https://d1w7fb2mkkr3kw.cloudfront.net/assets/images/book/mid/9780/0605/9780060555665.jpg,The Intelligent Investor,Benjamin Graham,Paperback,4.0,15.99,$,25.2,9780060555665,Business-Finance-Law,dataset/Business-Finance-Law/0000007.jpg
https://d1w7fb2mkkr3kw.cloudfront.net/assets/images/book/mid/9781/7850/9781785042140.jpg,Dare to Lead,Brene Brown,Paperback,4.0,13.09,$,16.0,9781785042140,Business-Finance-Law,dataset/Business-Finance-Law/0000008.jpg
https://d1w7fb2mkkr3kw.cloudfront.net/assets/images/book/mid/9781/4169/9781416947370.jpg,Dear Zoo,Rod Campbell,Board book,4.5,6.76,$,,9781416947370,Childrens-Books,dataset/Childrens-Books/0000001.jpg
https://d1w7fb2mkkr3kw.cloudfront.net/assets/images/book/mid/9780/2410/9780241003008.jpg,The Very Hungry Caterpillar,Eric Carle,Board book,4.5,7.23,$,8.8,9780241003008,Childrens-Books,dataset/Childrens-Books/0000002.jpg
https://d1w7fb2mkkr3kw.cloudfront.net/assets/images/book/mid/9780/1520/9780152067045.jpg,Where Is the Green Sheep?,Judy Horacek,Board book,4.0,7.98,$,,9780152067045,Childrens-Books,dataset/Childrens-Books/0000003.jpg
https://d1w7fb2mkkr3kw.cloudfront.net/assets/images/book/mid/9781/8412/9781841215655.jpg,Giraffes Can't Dance,Giles Andreae,Paperback,4.5,7.30,$,8.8,9781841215655,Childrens-Books,dataset/Childrens-Books/0000004.jpg
https://d1w7fb2mkkr3kw.cloudfront.net/assets/images/book/mid/9781/7806/9781780671062.jpg,Secret Garden,Johanna Basford,Paperback,4.5,11.24,$,12.4,9781780671062,Childrens-Books,dataset/Childrens-Books/0000005.jpg
https://d1w7fb2mkkr3kw.cloudfront.net/assets/images/book/mid/9781/8532/9781853261589.jpg,The Little Prince,Antoine de Saint-Exupery,Paperback,4.5,3.19,$,,9781853261589,Childrens-Books,dataset/Childrens-Books/0000006.jpg
https://d1w7fb2mkkr3kw.cloudfront.net/assets/images/book/mid/9780/9960/9780996099936.jpg,Have You Filled A Bucket Today?,Carol McCloud,Paperback,4.5,8.66,$,11.4,9780996099936,Childrens-Books,dataset/Childrens-Books/0000007.jpg
https://d1w7fb2mkkr3kw.cloudfront.net/assets/images/book/mid/9780/7515/9780751565355.jpg,Harry Potter and the Cursed Child - Parts I & II,J. K. Rowling,Hardback,3.5,15.43,$,26.3,9780751565355,Childrens-Books,dataset/Childrens-Books/0000008.jpg
https://d1w7fb2mkkr3kw.cloudfront.net/assets/images/book/mid/9780/1323/9780132350884.jpg,Clean Code,Robert C. Martin,Paperback,4.5,26.56,$,44.93,9780132350884,Computing,dataset/Computing/0000001.jpg
https://d1w7fb2mkkr3kw.cloudfront.net/assets/images/book/mid/9781/6165/9781616550417.jpg,The Legend of Zelda,Shigeru Miyamoto,Hardback,4.5,27.56,$,40.0,9781616550417,Computing,dataset/Computing/0000002.jpg
https://d1w7fb2mkkr3kw.cloudfront.net/assets/images/book/mid/9780/3219/9780321965516.jpg,"Don't Make Me Think, Revisited",Steve Krug,Paperback,4.0,23.03,$,42.9,9780321965516,Computing,dataset/Computing/0000003.jpg
https://d1w7fb2mkkr3kw.cloudfront.net/assets/images/book/mid/9780/4650/9780465026562.jpg,"Godel, Escher, Bach",Douglas R. Hofstadter,Paperback,4.5,16.37,$,18.99,9780465026562,Computing,dataset/Computing/0000004.jpg
https://d1w7fb2mkkr3kw.cloudfront.net/assets/images/book/mid/9780/1987/9780198739838.jpg,Superintelligence,Nick Bostrom,Paperback,4.0,9.93,$,12.4,9780198739838,Computing,dataset/Computing/0000005.jpg
https://d1w7fb2mkkr3kw.cloudfront.net/assets/images/book/mid/9781/1189/9781118907443.jpg,"Web Design with HTML, CSS, JavaScript and jQuery Set",Jon Duckett,Paperback,4.5,29.93,$,49.6,9781118907443,Computing,dataset/Computing/0000006.jpg
https://d1w7fb2mkkr3kw.cloudfront.net/assets/images/book/mid/9780/9847/9780984782857.jpg,Cracking the Coding Interview,Gayle Laakmann McDowell,Paperback,4.5,33.99,$,40.1,9780984782857,Computing,dataset/Computing/0000007.jpg
https://d1w7fb2mkkr3kw.cloudfront.net/assets/images/book/mid/9781/5854/9781585428816.jpg,The Internet is a Playground,David Thorne,Paperback,4.0,15.09,$,,9781585428816,Computing,dataset/Computing/0000008.jpg
https://d1w7fb2mkkr3kw.cloudfront.net/assets/images/book/mid/9781/7806/9781780674872.jpg,Enchanted Forest,Johanna Basford,Paperback,4.5,12.23,$,12.4,9781780674872,Crafts-Hobbies,dataset/Crafts-Hobbies/0000001.jpg
https://d1w7fb2mkkr3kw.cloudfront.net/assets/images/book/mid/9781/7837/9781783705481.jpg,Harry Potter Colouring Book,J. K. Rowling,Paperback,4.5,9.52,$,12.4,9781783705481,Crafts-Hobbies,dataset/Crafts-Hobbies/0000002.jpg
https://d1w7fb2mkkr3kw.cloudfront.net/assets/images/book/mid/9780/7869/9780786965601.jpg,Dungeons & Dragons Player's Handbook (Dungeons & Dragons Core Rulebooks),Wizards of the Coast,Hardback,4.5,31.94,$,48.4,9780786965601,Crafts-Hobbies,dataset/Crafts-Hobbies/0000003.jpg
https://d1w7fb2mkkr3kw.cloudfront.net/assets/images/book/mid/9780/7522/9780752265629.jpg,The Mindfulness Colouring Book,Emma Farrarons,Paperback,4.0,6.8,$,10.5,9780752265629,Crafts-Hobbies,dataset/Crafts-Hobbies/0000004.jpg
https://d1w7fb2mkkr3kw.cloudfront.net/assets/images/book/mid/9780/8118/9780811870191.jpg,One Line a Day,Chronicle Books,Calendar,4.5,9.65,$,13.5,9780811870191,Crafts-Hobbies,dataset/Crafts-Hobbies/0000005.jpg
https://d1w7fb2mkkr3kw.cloudfront.net/assets/images/book/mid/9781/8499/9781849941679.jpg,Millie Marotta's Animal Kingdom,Millie Marotta,Paperback,4.5,11.6,$,12.9,9781849941679,Crafts-Hobbies,dataset/Crafts-Hobbies/0000006.jpg
https://d1w7fb2mkkr3kw.cloudfront.net/assets/images/book/mid/9780/7869/9780786965625.jpg,Dungeon Master's Guide (Dungeons & Dragons Core Rulebooks),Wizards of the Coast,Hardback,4.5,32.9,$,48.4,9780786965625,Crafts-Hobbies,dataset/Crafts-Hobbies/0000007.jpg
https://d1w7fb2mkkr3kw.cloudfront.net/assets/images/book/mid/9781/8495/9781849534970.jpg,52 Things to Do While You Poo,Hugh Jassburn,Hardback,3.5,7.93,$,8.8,9781849534970,Crafts-Hobbies,dataset/Crafts-Hobbies/0000008.jpg
https://d1w7fb2mkkr3kw.cloudfront.net/assets/images/book/mid/9780/1410/9780141036144.jpg,1984,George Orwell,Paperback,4.0,7.88,$,8.8,9780141036144,Crime-Thriller,dataset/Crime-Thriller/0000001.jpg
https://d1w7fb2mkkr3kw.cloudfront.net/assets/images/book/mid/9781/8460/9781846041242.jpg,Man's Search For Meaning,Viktor E. Frankl,Paperback,4.5,9.66,$,,9781846041242,Crime-Thriller,dataset/Crime-Thriller/0000002.jpg
https://d1w7fb2mkkr3kw.cloudfront.net/assets/images/book/mid/9780/1410/9780141036137.jpg,Animal Farm,George Orwell,Paperback,4.0,7.98,$,10.3,9780141036137,Crime-Thriller,dataset/Crime-Thriller/0000003.jpg
https://d1w7fb2mkkr3kw.cloudfront.net/assets/images/book/mid/9781/4059/9781405911665.jpg,The Husband's Secret,Liane Moriarty,Paperback,4.0,9.33,$,9.99,9781405911665,Crime-Thriller,dataset/Crime-Thriller/0000004.jpg
https://d1w7fb2mkkr3kw.cloudfront.net/assets/images/book/mid/9781/7802/9781780221359.jpg,Gone Girl,Gillian Flynn,Paperback,4.0,9.55,$,10.5,9781780221359,Crime-Thriller,dataset/Crime-Thriller/0000005.jpg
https://d1w7fb2mkkr3kw.cloudfront.net/assets/images/book/mid/9780/0995/9780099560432.jpg,Ready Player One,Ernest Cline,Paperback,4.5,8.82,$,10.5,9780099560432,Crime-Thriller,dataset/Crime-Thriller/0000006.jpg
https://d1w7fb2mkkr3kw.cloudfront.net/assets/images/book/mid/9780/3491/9780349142111.jpg,The Dry,Jane Harper,Paperback,4.0,8.64,$,8.8,9780349142111,Crime-Thriller,dataset/Crime-Thriller/0000007.jpg
https://d1w7fb2mkkr3kw.cloudfront.net/assets/images/book/mid/9780/7499/9780749942014.jpg,Sister,Rosamund Lupton,Paperback,4.0,8.04,$,11.4,9780749942014,Crime-Thriller,dataset/Crime-Thriller/0000008.jpg
https://d1w7fb2mkkr3kw.cloudfront.net/assets/images/book/mid/9781/5098/9781509868087.jpg,Bad Blood,John Carreyrou,Paperback,4.5,8.4,$,12.4,9781509868087,Dictionaries-Languages,dataset/Dictionaries-Languages/0000001.jpg
https://d1w7fb2mkkr3kw.cloudfront.net/assets/images/book/mid/9780/2053/9780205309023.jpg,The Elements of Style,William I. Strunk,Paperback,4.0,8.09,$,9.95,9780205309023,Dictionaries-Languages,dataset/Dictionaries-Languages/0000002.jpg
https://d1w7fb2mkkr3kw.cloudfront.net/assets/images/book/mid/9780/6924/9780692452745.jpg,Create This Book,Moriah Elizabeth,Paperback,4.5,17.05,$,,9780692452745,Dictionaries-Languages,dataset/Dictionaries-Languages/0000003.jpg
https://d1w7fb2mkkr3kw.cloudfront.net/assets/images/book/mid/9780/0072/9780007204496.jpg,Fear and Loathing in Las Vegas,Hunter S. Thompson,Paperback,4.0,8.3,$,11.49,9780007204496,Dictionaries-Languages,dataset/Dictionaries-Languages/0000004.jpg
https://d1w7fb2mkkr3kw.cloudfront.net/assets/images/book/mid/9781/4338/9781433805615.jpg,Publication Manual of the American Psychological Association,American Psychological Association,Paperback,3.5,30.49,$,,9781433805615,Dictionaries-Languages,dataset/Dictionaries-Languages/0000005.jpg
https://d1w7fb2mkkr3kw.cloudfront.net/assets/images/book/mid/9781/7857/9781785781704.jpg,The Etymologicon,Mark Forsyth,Paperback,4.0,5.71,$,11.4,9781785781704,Dictionaries-Languages,dataset/Dictionaries-Languages/0000006.jpg
https://d1w7fb2mkkr3kw.cloudfront.net/assets/images/book/mid/9781/5098/9781509829477.jpg,The Artist's Way,Julia Cameron,Paperback,4.0,12.61,$,21.1,9781509829477,Dictionaries-Languages,dataset/Dictionaries-Languages/0000007.jpg
https://d1w7fb2mkkr3kw.cloudfront.net/assets/images/book/mid/9781/7857/9781785781728.jpg,The Elements of Eloquence,Mark Forsyth,Paperback,4.5,4.91,$,11.4,9781785781728,Dictionaries-Languages,dataset/Dictionaries-Languages/0000008.jpg
https://d1w7fb2mkkr3kw.cloudfront.net/assets/images/book/mid/9781/4087/9781408708989.jpg,Fantastic Beasts and Where to Find Them,J. K. Rowling,Hardback,4.5,11.05,$,21.5,9781408708989,Entertainment,dataset/Entertainment/0000001.jpg
https://d1w7fb2mkkr3kw.cloudfront.net/assets/images/book/mid/9781/4087/9781408711705.jpg,Fantastic Beasts: The Crimes of Grindelwald - The Original Screenplay,J.K. Rowling,Hardback,4.0,15.14,$,18.0,9781408711705,Entertainment,dataset/Entertainment/0000002.jpg
https://d1w7fb2mkkr3kw.cloudfront.net/assets/images/book/mid/9780/7475/9780747568766.jpg,Just Kids,Patti Smith,Paperback,4.0,9.43,$,12.4,9780747568766,Entertainment,dataset/Entertainment/0000003.jpg
https://d1w7fb2mkkr3kw.cloudfront.net/assets/images/book/mid/9781/4711/9781471157790.jpg,Born to Run,Bruce Springsteen,Hardback,4.0,27.12,$,,9781471157790,Entertainment,dataset/Entertainment/0000004.jpg
https://d1w7fb2mkkr3kw.cloudfront.net/assets/images/book/mid/9781/8609/9781860969423.jpg,"Music Theory in Practice, Grade 1",Eric Taylor,Sheet music,4.0,7.26,$,,9781860969423,Entertainment,dataset/Entertainment/0000005.jpg
https://d1w7fb2mkkr3kw.cloudfront.net/assets/images/book/mid/9780/7515/9780751535662.jpg,Scar Tissue,Anthony Kiedis,Paperback,4.0,10.66,$,13.9,9780751535662,Entertainment,dataset/Entertainment/0000006.jpg
https://d1w7fb2mkkr3kw.cloudfront.net/assets/images/book/mid/9780/8771/9780877180128.jpg,John Thompson's Easiest Piano Course,John Thompson,Paperback,4.0,6.71,$,8.0,9780877180128,Entertainment,dataset/Entertainment/0000007.jpg
https://d1w7fb2mkkr3kw.cloudfront.net/assets/images/book/mid/9780/7515/9780751574951.jpg,Fantastic Beasts and Where to Find Them,J. K. Rowling,Paperback,4.5,7.10,$,10.5,9780751574951,Entertainment,dataset/Entertainment/0000008.jpg
https://d1w7fb2mkkr3kw.cloudfront.net/assets/images/book/mid/9781/7850/9781785031168.jpg,Ottolenghi SIMPLE,Yotam Ottolenghi,Hardback,4.5,28.6,$,31.5,9781785031168,Food-Drink,dataset/Food-Drink/0000001.jpg
https://d1w7fb2mkkr3kw.cloudfront.net/assets/images/book/mid/9780/7181/9780718187729.jpg,5 Ingredients - Quick & Easy Food,Jamie Oliver,Hardback,4.0,25.92,$,32.5,9780718187729,Food-Drink,dataset/Food-Drink/0000002.jpg
https://d1w7fb2mkkr3kw.cloudfront.net/assets/images/book/mid/9780/7181/9780718154776.jpg,Jamie's 30-Minute Meals,Jamie Oliver,Hardback,4.0,27.39,$,31.5,9780718154776,Food-Drink,dataset/Food-Drink/0000003.jpg
https://d1w7fb2mkkr3kw.cloudfront.net/assets/images/book/mid/9780/7181/9780718157807.jpg,Jamie's 15-Minute Meals,Jamie Oliver,Hardback,4.0,27.3,$,31.5,9780718157807,Food-Drink,dataset/Food-Drink/0000004.jpg
https://d1w7fb2mkkr3kw.cloudfront.net/assets/images/book/mid/9780/2412/9780241283912.jpg,The Little Book of Hygge,Meik Wiking,Hardback,3.5,11.61,$,11.99,9780241283912,Food-Drink,dataset/Food-Drink/0000005.jpg
https://d1w7fb2mkkr3kw.cloudfront.net/assets/images/book/mid/9780/0919/9780091933685.jpg,Plenty,Yotam Ottolenghi,Hardback,4.5,30.27,$,33.11,9780091933685,Food-Drink,dataset/Food-Drink/0000006.jpg
https://d1w7fb2mkkr3kw.cloudfront.net/assets/images/book/mid/9780/0919/9780091924850.jpg,Annabel Karmel's New Complete Baby & Toddler Meal Planner - 4th Edition,Annabel Karmel,Hardback,4.0,17.11,$,19.1,9780091924850,Food-Drink,dataset/Food-Drink/0000007.jpg
https://d1w7fb2mkkr3kw.cloudfront.net/assets/images/book/mid/9780/0919/9780091943745.jpg,Jerusalem,Yotam Ottolenghi,Hardback,4.5,30.63,$,32.5,9780091943745,Food-Drink,dataset/Food-Drink/0000008.jpg
https://d1w7fb2mkkr3kw.cloudfront.net/assets/images/book/mid/9781/4093/9781409303183.jpg,Peppa Pig: Little Library,Peppa Pig,Board book,4.0,7.22,$,,9781409303183,Graphic-Novels-Anime-Manga,dataset/Graphic-Novels-Anime-Manga/0000001.jpg
https://d1w7fb2mkkr3kw.cloudfront.net/assets/images/book/mid/9781/4063/9781406338539.jpg,I Want My Hat Back,Jon Klassen,Paperback,4.5,7.03,$,9.5,9781406338539,Graphic-Novels-Anime-Manga,dataset/Graphic-Novels-Anime-Manga/0000002.jpg
https://d1w7fb2mkkr3kw.cloudfront.net/assets/images/book/mid/9780/1424/9780142403877.jpg,The Gruffalo,Julia Donaldson,Paperback,4.5,6.91,$,7.95,9780142403877,Graphic-Novels-Anime-Manga,dataset/Graphic-Novels-Anime-Manga/0000003.jpg
https://d1w7fb2mkkr3kw.cloudfront.net/assets/images/book/mid/9781/4424/9781442408937.jpg,Aristotle and Dante Discover the Secrets of the Universe,Benjamin Alire Saenz,Paperback,4.5,7.72,$,15.0,9781442408937,Graphic-Novels-Anime-Manga,dataset/Graphic-Novels-Anime-Manga/0000004.jpg
https://d1w7fb2mkkr3kw.cloudfront.net/assets/images/book/mid/9781/4095/9781409550259.jpg,Look Inside Things That Go,Rob Lloyd Jones,Hardback,4.5,9.92,$,12.9,9781409550259,Graphic-Novels-Anime-Manga,dataset/Graphic-Novels-Anime-Manga/0000005.jpg
https://d1w7fb2mkkr3kw.cloudfront.net/assets/images/book/mid/9783/3140/9783314015441.jpg,Rainbow Fish,Marcus Pfister,Paperback,4.0,7.12,$,8.8,9783314015441,Graphic-Novels-Anime-Manga,dataset/Graphic-Novels-Anime-Manga/0000006.jpg
https://d1w7fb2mkkr3kw.cloudfront.net/assets/images/book/mid/9781/4197/9781419713101.jpg,In My Heart:A Book of Feelings,Jo Witek,Hardback,4.5,10.61,$,16.0,9781419713101,Graphic-Novels-Anime-Manga,dataset/Graphic-Novels-Anime-Manga/0000007.jpg
https://d1w7fb2mkkr3kw.cloudfront.net/assets/images/book/mid/9780/1410/9780141014081.jpg,The Complete MAUS,Art Spiegelman,Paperback,4.5,17.61,$,21.1,9780141014081,Graphic-Novels-Anime-Manga,dataset/Graphic-Novels-Anime-Manga/0000008.jpg
https://d1w7fb2mkkr3kw.cloudfront.net/assets/images/book/mid/9780/3407/9780340733509.jpg,The Power of Now,Eckhart Tolle,Paperback,4.0,8.2,$,13.9,9780340733509,Health,dataset/Health/0000001.jpg
https://d1w7fb2mkkr3kw.cloudfront.net/assets/images/book/mid/9781/4391/9781439199190.jpg,How to Win Friends and Influence People,Dale Carnegie,Paperback,4.0,8.3,$,9.5,9781439199190,Health,dataset/Health/0000002.jpg
https://d1w7fb2mkkr3kw.cloudfront.net/assets/images/book/mid/9780/0995/9780099511021.jpg,Educated,Tara Westover,Paperback,4.5,9.61,$,11.5,9780099511021,Health,dataset/Health/0000003.jpg
https://d1w7fb2mkkr3kw.cloudfront.net/assets/images/book/mid/9781/7847/9781784701994.jpg,When Breath Becomes Air,Paul Kalanithi,Paperback,4.5,9.05,$,11.5,9781784701994,Health,dataset/Health/0000004.jpg
https://d1w7fb2mkkr3kw.cloudfront.net/assets/images/book/mid/9781/8452/9781845298258.jpg,The Happiness Trap,Russ Harris,Paperback,4.0,8.34,$,13.9,9781845298258,Health,dataset/Health/0000005.jpg
https://d1w7fb2mkkr3kw.cloudfront.net/assets/images/book/mid/9781/4088/9781408878729.jpg,Lost Connections,Johann Hari,Paperback,4.5,8.53,$,11.5,9781408878729,Health,dataset/Health/0000006.jpg
https://d1w7fb2mkkr3kw.cloudfront.net/assets/images/book/mid/9780/1419/9780141978611.jpg,The Body Keeps the Score,Bessel van der Kolk,Paperback,4.5,10.99,$,13.9,9780141978611,Health,dataset/Health/0000007.jpg
https://d1w7fb2mkkr3kw.cloudfront.net/assets/images/book/mid/9780/7181/9780718154776.jpg,Jamie's 30-Minute Meals,Jamie Oliver,Hardback,4.0,27.39,$,31.5,9780718154776,Health,dataset/Health/0000008.jpg
https://d1w7fb2mkkr3kw.cloudfront.net/assets/images/book/mid/9780/0995/9780099590088.jpg,Sapiens,Yuval Noah Harari,Paperback,4.5,12.98,$,,9780099590088,History-Archaeology,dataset/History-Archaeology/0000001.jpg
https://d1w7fb2mkkr3kw.cloudfront.net/assets/images/book/mid/9780/1419/9780141986005.jpg,Good Night Stories for Rebel Girls,Elena Favilli,Hardback,4.5,20.86,$,24.0,9780141986005,History-Archaeology,dataset/History-Archaeology/0000002.jpg
https://d1w7fb2mkkr3kw.cloudfront.net/assets/images/book/mid/9780/2413/9780241334140.jpg,Becoming,Michelle Obama,Hardback,4.5,24.21,$,26.0,9780241334140,History-Archaeology,dataset/History-Archaeology/0000003.jpg
https://d1w7fb2mkkr3kw.cloudfront.net/assets/images/book/mid/9780/2419/9780241958223.jpg,Start With Why,Simon Sinek,Paperback,4.0,8.9,$,12.4,9780241958223,History-Archaeology,dataset/History-Archaeology/0000004.jpg
https://d1w7fb2mkkr3kw.cloudfront.net/assets/images/book/mid/9781/8460/9781846041242.jpg,Man's Search For Meaning,Viktor E. Frankl,Paperback,4.5,9.66,$,,9781846041242,History-Archaeology,dataset/History-Archaeology/0000005.jpg
https://d1w7fb2mkkr3kw.cloudfront.net/assets/images/book/mid/9781/7847/9781784703936.jpg,Homo Deus,Yuval Noah Harari,Paperback,4.5,12.9,$,,9781784703936,History-Archaeology,dataset/History-Archaeology/0000006.jpg
https://d1w7fb2mkkr3kw.cloudfront.net/assets/images/book/mid/9781/7873/9781787330870.jpg,21 Lessons for the 21st Century,Yuval Noah Harari,Paperback,4.0,19.07,$,19.1,9781787330870,History-Archaeology,dataset/History-Archaeology/0000007.jpg
https://d1w7fb2mkkr3kw.cloudfront.net/assets/images/book/mid/9780/9978/9780997895827.jpg,Goodnight Stories for Rebel Girls 2,Elena Favilli,Hardback,4.5,21.15,$,30.9,9780997895827,History-Archaeology,dataset/History-Archaeology/0000008.jpg
https://d1w7fb2mkkr3kw.cloudfront.net/assets/images/book/mid/9781/6077/9781607747307.jpg,The Life-Changing Magic of Tidying Up,Marie Kondo,Hardback,4.0,13.55,$,21.6,9781607747307,Home-Garden,dataset/Home-Garden/0000001.jpg
https://d1w7fb2mkkr3kw.cloudfront.net/assets/images/book/mid/9780/2412/9780241283912.jpg,The Little Book of Hygge,Meik Wiking,Hardback,3.5,11.61,$,11.99,9780241283912,Home-Garden,dataset/Home-Garden/0000002.jpg
https://d1w7fb2mkkr3kw.cloudfront.net/assets/images/book/mid/9780/1410/9780141039411.jpg,A New Earth,Eckhart Tolle,Paperback,4.0,9.72,$,11.4,9780141039411,Home-Garden,dataset/Home-Garden/0000003.jpg
https://d1w7fb2mkkr3kw.cloudfront.net/assets/images/book/mid/9781/4019/9781401948320.jpg,Medical Medium Life-Changing Foods,Anthony William,Hardback,4.5,20.3,$,27.5,9781401948320,Home-Garden,dataset/Home-Garden/0000004.jpg
https://d1w7fb2mkkr3kw.cloudfront.net/assets/images/book/mid/9780/2413/9780241399750.jpg,Hinch Yourself Happy,Mrs Hinch,Hardback,4.0,13.67,$,16.0,9780241399750,Home-Garden,dataset/Home-Garden/0000005.jpg
https://d1w7fb2mkkr3kw.cloudfront.net/assets/images/book/mid/9781/9359/9781935952503.jpg,The Complete Guide to Yin Yoga,Bernie Clark,Paperback,4.5,14.75,$,14.99,9781935952503,Home-Garden,dataset/Home-Garden/0000006.jpg
https://d1w7fb2mkkr3kw.cloudfront.net/assets/images/book/mid/9780/8052/9780805210316.jpg,Light on Yoga,B. K. S. Iyengar,Paperback,4.5,18.4,$,26.5,9780805210316,Home-Garden,dataset/Home-Garden/0000007.jpg
https://d1w7fb2mkkr3kw.cloudfront.net/assets/images/book/mid/9780/7624/9780762459452.jpg,Harry Potter: Collectible Quidditch Set,Running Press,Paperback,5.0,18.32,$,22.99,9780762459452,Home-Garden,dataset/Home-Garden/0000008.jpg
https://d1w7fb2mkkr3kw.cloudfront.net/assets/images/book/mid/9781/5098/9781509858637.jpg,This is Going to Hurt,Adam Kay,Paperback,4.5,7.6,$,11.4,9781509858637,Humour,dataset/Humour/0000001.jpg
https://d1w7fb2mkkr3kw.cloudfront.net/assets/images/book/mid/9781/4447/9781444775815.jpg,A Man Called Ove,Fredrik Backman,Paperback,4.5,9.56,$,11.4,9781444775815,Humour,dataset/Humour/0000002.jpg
https://d1w7fb2mkkr3kw.cloudfront.net/assets/images/book/mid/9781/4736/9781473635302.jpg,Born A Crime,Trevor Noah,Paperback,4.5,8.3,$,12.4,9781473635302,Humour,dataset/Humour/0000003.jpg
https://d1w7fb2mkkr3kw.cloudfront.net/assets/images/book/mid/9780/1419/9780141976143.jpg,Wreck This Journal,Keri Smith,Paperback,4.0,9.59,$,12.9,9780141976143,Humour,dataset/Humour/0000004.jpg
https://d1w7fb2mkkr3kw.cloudfront.net/assets/images/book/mid/9781/7842/9781784298463.jpg,The Life-Changing Magic of Not Giving a F**k,Sarah Knight,Hardback,3.5,11.11,$,18.0,9781784298463,Humour,dataset/Humour/0000005.jpg
https://d1w7fb2mkkr3kw.cloudfront.net/assets/images/book/mid/9781/8485/9781848549562.jpg,What If?,Randall Munroe,Paperback,4.0,10.62,$,12.4,9781848549562,Humour,dataset/Humour/0000006.jpg
https://d1w7fb2mkkr3kw.cloudfront.net/assets/images/book/mid/9781/8473/9781847399304.jpg,The Bro Code,Barney Stinson,Paperback,3.5,7.52,$,10.3,9781847399304,Humour,dataset/Humour/0000007.jpg
https://d1w7fb2mkkr3kw.cloudfront.net/assets/images/book/mid/9780/8578/9780857862655.jpg,Go the F**k to Sleep,Adam Mansbach,Hardback,4.5,10.38,$,13.9,9780857862655,Humour,dataset/Humour/0000008.jpg
https://d1w7fb2mkkr3kw.cloudfront.net/assets/images/book/mid/9781/5098/9781509858637.jpg,This is Going to Hurt,Adam Kay,Paperback,4.5,7.6,$,11.4,9781509858637,Medical,dataset/Medical/0000001.jpg
https://d1w7fb2mkkr3kw.cloudfront.net/assets/images/book/mid/9780/1410/9780141033570.jpg,"Thinking, Fast and Slow",Daniel Kahneman,Paperback,4.0,11.5,$,15.0,9780141033570,Medical,dataset/Medical/0000002.jpg
https://d1w7fb2mkkr3kw.cloudfront.net/assets/images/book/mid/9781/7847/9781784701994.jpg,When Breath Becomes Air,Paul Kalanithi,Paperback,4.5,9.05,$,11.5,9781784701994,Medical,dataset/Medical/0000003.jpg
https://d1w7fb2mkkr3kw.cloudfront.net/assets/images/book/mid/9781/8452/9781845298258.jpg,The Happiness Trap,Russ Harris,Paperback,4.0,8.34,$,13.9,9781845298258,Medical,dataset/Medical/0000004.jpg
https://d1w7fb2mkkr3kw.cloudfront.net/assets/images/book/mid/9781/8460/9781846041242.jpg,Man's Search For Meaning,Viktor E. Frankl,Paperback,4.5,9.66,$,,9781846041242,Medical,dataset/Medical/0000005.jpg
https://d1w7fb2mkkr3kw.cloudfront.net/assets/images/book/mid/9780/3305/9780330523622.jpg,The Man Who Mistook His Wife for a Hat,Oliver Sacks,Paperback,4.0,5.92,$,14.8,9780330523622,Medical,dataset/Medical/0000006.jpg
https://d1w7fb2mkkr3kw.cloudfront.net/assets/images/book/mid/9781/7807/9781780722405.jpg,The 8-week Blood Sugar Diet,Michael Mosley,Paperback,4.0,8.85,$,11.3,9781780722405,Medical,dataset/Medical/0000007.jpg
https://d1w7fb2mkkr3kw.cloudfront.net/assets/images/book/mid/9781/7807/9781780723044.jpg,The Clever Guts Diet,Michael Mosley,Paperback,4.0,8.92,$,11.3,9781780723044,Medical,dataset/Medical/0000008.jpg
https://d1w7fb2mkkr3kw.cloudfront.net/assets/images/book/mid/9781/4494/9781449474256.jpg,Milk and Honey,Rupi Kaur,Paperback,4.0,8.18,$,15.0,9781449474256,Mind-Body-Spirit,dataset/Mind-Body-Spirit/0000001.jpg
https://d1w7fb2mkkr3kw.cloudfront.net/assets/images/book/mid/9780/3407/9780340733509.jpg,The Power of Now,Eckhart Tolle,Paperback,4.0,8.2,$,13.9,9780340733509,Mind-Body-Spirit,dataset/Mind-Body-Spirit/0000002.jpg
https://d1w7fb2mkkr3kw.cloudfront.net/assets/images/book/mid/9781/8452/9781845298258.jpg,The Happiness Trap,Russ Harris,Paperback,4.0,8.34,$,13.9,9781845298258,Mind-Body-Spirit,dataset/Mind-Body-Spirit/0000003.jpg
https://d1w7fb2mkkr3kw.cloudfront.net/assets/images/book/mid/9781/5928/9781592858491.jpg,"Gifts Of Imperfection, The:",Brene Brown,Paperback,4.0,11.8,$,14.9,9781592858491,Mind-Body-Spirit,dataset/Mind-Body-Spirit/0000004.jpg
https://d1w7fb2mkkr3kw.cloudfront.net/assets/images/book/mid/9781/8460/9781846041242.jpg,Man's Search For Meaning,Viktor E. Frankl,Paperback,4.5,9.66,$,,9781846041242,Mind-Body-Spirit,dataset/Mind-Body-Spirit/0000005.jpg
https://d1w7fb2mkkr3kw.cloudfront.net/assets/images/book/mid/9780/1419/9780141978611.jpg,The Body Keeps the Score,Bessel van der Kolk,Paperback,4.5,10.99,$,13.9,9780141978611,Mind-Body-Spirit,dataset/Mind-Body-Spirit/0000006.jpg
https://d1w7fb2mkkr3kw.cloudfront.net/assets/images/book/mid/9781/8784/9781878424310.jpg,The Four Agreements,Don Miguel Ruiz,Paperback,4.0,9.45,$,13.9,9781878424310,Mind-Body-Spirit,dataset/Mind-Body-Spirit/0000007.jpg
https://d1w7fb2mkkr3kw.cloudfront.net/assets/images/book/mid/9781/8567/9781856753531.jpg,The Little Book of Mindfulness,Dr. Patrizia Collard,Paperback,4.0,5.88,$,8.8,9781856753531,Mind-Body-Spirit,dataset/Mind-Body-Spirit/0000008.jpg
https://d1w7fb2mkkr3kw.cloudfront.net/assets/images/book/mid/9781/4447/9781444737110.jpg,A Street Cat Named Bob,James Bowen,Paperback,4.0,7.52,$,11.5,9781444737110,Natural-History,dataset/Natural-History/0000001.jpg
https://d1w7fb2mkkr3kw.cloudfront.net/assets/images/book/mid/9781/4059/9781405937184.jpg,The Salt Path,Raynor Winn,Paperback,4.0,9.53,$,12.9,9781405937184,Natural-History,dataset/Natural-History/0000002.jpg
https://d1w7fb2mkkr3kw.cloudfront.net/assets/images/book/mid/9780/4862/9780486284958.jpg,"Walden: Or, Life in the Woods",Henry David Thoreau,Paperback,4.0,5.14,$,,9780486284958,Natural-History,dataset/Natural-History/0000003.jpg
https://d1w7fb2mkkr3kw.cloudfront.net/assets/images/book/mid/9780/0082/9780008218430.jpg,The Hidden Life of Trees,Peter Wohlleben,Paperback,4.0,9.62,$,12.9,9780008218430,Natural-History,dataset/Natural-History/0000004.jpg
https://d1w7fb2mkkr3kw.cloudfront.net/assets/images/book/mid/9781/4472/9781447200185.jpg,Into Thin Air,Jon Krakauer,Paperback,4.0,8.49,$,12.4,9781447200185,Natural-History,dataset/Natural-History/0000005.jpg
https://d1w7fb2mkkr3kw.cloudfront.net/assets/images/book/mid/9781/7847/9781784708245.jpg,The Overstory,Richard Powers,Paperback,4.0,11.33,$,11.5,9781784708245,Natural-History,dataset/Natural-History/0000006.jpg
https://d1w7fb2mkkr3kw.cloudfront.net/assets/images/book/mid/9780/1419/9780141979366.jpg,The Shepherd's Life,James Rebanks,Paperback,4.0,9.73,$,12.9,9780141979366,Natural-History,dataset/Natural-History/0000007.jpg
https://d1w7fb2mkkr3kw.cloudfront.net/assets/images/book/mid/9780/7535/9780753557150.jpg,Lost Ocean,Johanna Basford,Paperback,4.5,12.39,$,,9780753557150,Natural-History,dataset/Natural-History/0000008.jpg
https://d1w7fb2mkkr3kw.cloudfront.net/assets/images/book/mid/9780/7303/9780730324218.jpg,The Barefoot Investor,Scott Pape,Paperback,4.5,14.06,$,17.6,9780730324218,Personal-Development,dataset/Personal-Development/0000001.jpg
https://d1w7fb2mkkr3kw.cloudfront.net/assets/images/book/mid/9780/3407/9780340733509.jpg,The Power of Now,Eckhart Tolle,Paperback,4.0,8.2,$,13.9,9780340733509,Personal-Development,dataset/Personal-Development/0000002.jpg
https://d1w7fb2mkkr3kw.cloudfront.net/assets/images/book/mid/9780/0624/9780062457714.jpg,The Subtle Art of Not Giving a F*ck,Mark Manson,Hardback,4.0,15.8,$,25.2,9780062457714,Personal-Development,dataset/Personal-Development/0000003.jpg
https://d1w7fb2mkkr3kw.cloudfront.net/assets/images/book/mid/9781/4391/9781439199190.jpg,How to Win Friends and Influence People,Dale Carnegie,Paperback,4.0,8.3,$,9.5,9781439199190,Personal-Development,dataset/Personal-Development/0000004.jpg
https://d1w7fb2mkkr3kw.cloudfront.net/assets/images/book/mid/9780/1410/9780141033570.jpg,"Thinking, Fast and Slow",Daniel Kahneman,Paperback,4.0,11.5,$,15.0,9780141033570,Personal-Development,dataset/Personal-Development/0000005.jpg
https://d1w7fb2mkkr3kw.cloudfront.net/assets/images/book/mid/9780/2419/9780241958223.jpg,Start With Why,Simon Sinek,Paperback,4.0,8.9,$,12.4,9780241958223,Personal-Development,dataset/Personal-Development/0000006.jpg
https://d1w7fb2mkkr3kw.cloudfront.net/assets/images/book/mid/9781/8452/9781845298258.jpg,The Happiness Trap,Russ Harris,Paperback,4.0,8.34,$,13.9,9781845298258,Personal-Development,dataset/Personal-Development/0000007.jpg
https://d1w7fb2mkkr3kw.cloudfront.net/assets/images/book/mid/9780/0626/9780062641540.jpg,The Subtle Art of Not Giving a F*ck,Mark Manson,Paperback,4.0,14.15,$,18.0,9780062641540,Personal-Development,dataset/Personal-Development/0000008.jpg
https://d1w7fb2mkkr3kw.cloudfront.net/assets/images/book/mid/9781/4494/9781449474256.jpg,Milk and Honey,Rupi Kaur,Paperback,4.0,8.18,$,15.0,9781449474256,Poetry-Drama,dataset/Poetry-Drama/0000001.jpg
https://d1w7fb2mkkr3kw.cloudfront.net/assets/images/book/mid/9780/7515/9780751565355.jpg,Harry Potter and the Cursed Child - Parts I & II,J. K. Rowling,Hardback,3.5,15.43,$,26.3,9780751565355,Poetry-Drama,dataset/Poetry-Drama/0000002.jpg
https://d1w7fb2mkkr3kw.cloudfront.net/assets/images/book/mid/9780/5525/9780552565974.jpg,Wonder,R. J. Palacio,Paperback,4.5,8.32,$,8.8,9780552565974,Poetry-Drama,dataset/Poetry-Drama/0000003.jpg
https://d1w7fb2mkkr3kw.cloudfront.net/assets/images/book/mid/9780/0075/9780007513765.jpg,The Day the Crayons Quit,Drew Daywalt,Paperback,4.5,9.5,$,12.9,9780007513765,Poetry-Drama,dataset/Poetry-Drama/0000004.jpg
https://d1w7fb2mkkr3kw.cloudfront.net/assets/images/book/mid/9780/5713/9780571334650.jpg,Normal People,Sally Rooney,Paperback,4.0,8.93,$,10.5,9780571334650,Poetry-Drama,dataset/Poetry-Drama/0000005.jpg
https://d1w7fb2mkkr3kw.cloudfront.net/assets/images/book/mid/9781/4088/9781408878729.jpg,Lost Connections,Johann Hari,Paperback,4.5,8.53,$,11.5,9781408878729,Poetry-Drama,dataset/Poetry-Drama/0000006.jpg
https://d1w7fb2mkkr3kw.cloudfront.net/assets/images/book/mid/9781/8460/9781846041242.jpg,Man's Search For Meaning,Viktor E. Frankl,Paperback,4.5,9.66,$,,9781846041242,Poetry-Drama,dataset/Poetry-Drama/0000007.jpg
https://d1w7fb2mkkr3kw.cloudfront.net/assets/images/book/mid/9781/4088/9781408845646.jpg,Harry Potter and the Philosopher's Stone,J. K. Rowling,Hardback,4.5,30.91,$,38.6,9781408845646,Poetry-Drama,dataset/Poetry-Drama/0000008.jpg
https://d1w7fb2mkkr3kw.cloudfront.net/assets/images/book/mid/9781/4091/9781409168508.jpg,The Definitive Book of Body Language,Allan Pease,Paperback,4.0,5.63,$,11.4,9781409168508,Reference,dataset/Reference/0000001.jpg
https://d1w7fb2mkkr3kw.cloudfront.net/assets/images/book/mid/9780/3166/9780316679077.jpg,The Tipping Point,Malcolm Gladwell,Paperback,4.0,7.55,$,8.8,9780316679077,Reference,dataset/Reference/0000002.jpg
https://d1w7fb2mkkr3kw.cloudfront.net/assets/images/book/mid/9780/1413/9780141340111.jpg,The Jolly Christmas Postman,Allan Ahlberg,Hardback,4.5,13.81,$,16.0,9780141340111,Reference,dataset/Reference/0000003.jpg
https://d1w7fb2mkkr3kw.cloudfront.net/assets/images/book/mid/9780/7475/9780747599777.jpg,The Flavour Thesaurus,Niki Segnit,Hardback,4.0,18.68,$,25.2,9780747599777,Reference,dataset/Reference/0000004.jpg
https://d1w7fb2mkkr3kw.cloudfront.net/assets/images/book/mid/9780/1410/9780141040011.jpg,Nudge,Richard H. Thaler,Paperback,4.0,9.73,$,12.4,9780141040011,Reference,dataset/Reference/0000005.jpg
https://d1w7fb2mkkr3kw.cloudfront.net/assets/images/book/mid/9781/4088/9781408890769.jpg,Harry Potter - A History of Magic,British Library,Hardback,4.0,30.92,$,37.6,9781408890769,Reference,dataset/Reference/0000006.jpg
https://d1w7fb2mkkr3kw.cloudfront.net/assets/images/book/mid/9781/8920/9781892005281.jpg,Nonviolent Communication 3rd Ed,Marshall B. Rosenberg,Paperback,4.5,15.03,$,19.1,9781892005281,Reference,dataset/Reference/0000007.jpg
https://d1w7fb2mkkr3kw.cloudfront.net/assets/images/book/mid/9780/1413/9780141393063.jpg,Politics and the English Language,George Orwell,Paperback,4.5,2.81,$,,9780141393063,Reference,dataset/Reference/0000008.jpg
https://d1w7fb2mkkr3kw.cloudfront.net/assets/images/book/mid/9781/6077/9781607747307.jpg,The Life-Changing Magic of Tidying Up,Marie Kondo,Hardback,4.0,13.55,$,21.6,9781607747307,Religion,dataset/Religion/0000001.jpg
https://d1w7fb2mkkr3kw.cloudfront.net/assets/images/book/mid/9780/8024/9780802412706.jpg,Five Love Languages Revised Edition,Gary Chapman,Paperback,4.0,11.61,$,15.0,9780802412706,Religion,dataset/Religion/0000002.jpg
https://d1w7fb2mkkr3kw.cloudfront.net/assets/images/book/mid/9781/8460/9781846041068.jpg,The Miracle Of Mindfulness,Thich Nhat Hanh,Paperback,4.0,8.66,$,11.4,9781846041068,Religion,dataset/Religion/0000003.jpg
https://d1w7fb2mkkr3kw.cloudfront.net/assets/images/book/mid/9780/7538/9780753820162.jpg,Meditations,Marcus Aurelius,Paperback,4.0,4.57,$,11.4,9780753820162,Religion,dataset/Religion/0000004.jpg
https://d1w7fb2mkkr3kw.cloudfront.net/assets/images/book/mid/9780/0074/9780007461219.jpg,Mere Christianity,C. S. Lewis,Paperback,4.5,8.71,$,11.4,9780007461219,Religion,dataset/Religion/0000005.jpg
https://d1w7fb2mkkr3kw.cloudfront.net/assets/images/book/mid/9780/3407/9780340750155.jpg,The Art of Happiness,Dalai Lama XIV,Paperback,4.0,11.15,$,12.49,9780340750155,Religion,dataset/Religion/0000006.jpg
https://d1w7fb2mkkr3kw.cloudfront.net/assets/images/book/mid/9781/5773/9781577315933.jpg,The Hero with a Thousand Faces,Joseph Campbell,Hardback,4.0,18.3,$,,9781577315933,Religion,dataset/Religion/0000007.jpg
https://d1w7fb2mkkr3kw.cloudfront.net/assets/images/book/mid/9781/7863/9781786330444.jpg,The Book of Joy,Dalai Lama,Hardback,4.5,16.66,$,18.0,9781786330444,Religion,dataset/Religion/0000008.jpg
https://d1w7fb2mkkr3kw.cloudfront.net/assets/images/book/mid/9780/5713/9780571334650.jpg,Normal People,Sally Rooney,Paperback,4.0,8.93,$,10.5,9780571334650,Romance,dataset/Romance/0000001.jpg
https://d1w7fb2mkkr3kw.cloudfront.net/assets/images/book/mid/9781/7864/9781786495259.jpg,Call Me By Your Name,Andre Aciman,Paperback,4.5,5.08,$,10.3,9781786495259,Romance,dataset/Romance/0000002.jpg
https://d1w7fb2mkkr3kw.cloudfront.net/assets/images/book/mid/9780/7181/9780718157838.jpg,Me Before You,Jojo Moyes,Paperback,4.5,10.47,$,,9780718157838,Romance,dataset/Romance/0000003.jpg
https://d1w7fb2mkkr3kw.cloudfront.net/assets/images/book/mid/9780/0995/9780099579939.jpg,Fifty Shades of Grey,E. L. James,Paperback,3.5,10.11,$,10.27,9780099579939,Romance,dataset/Romance/0000004.jpg
https://d1w7fb2mkkr3kw.cloudfront.net/assets/images/book/mid/9781/4059/9781405911665.jpg,The Husband's Secret,Liane Moriarty,Paperback,4.0,9.33,$,9.99,9781405911665,Romance,dataset/Romance/0000005.jpg
https://d1w7fb2mkkr3kw.cloudfront.net/assets/images/book/mid/9781/7802/9781780221359.jpg,Gone Girl,Gillian Flynn,Paperback,4.0,9.55,$,10.5,9781780221359,Romance,dataset/Romance/0000006.jpg
https://d1w7fb2mkkr3kw.cloudfront.net/assets/images/book/mid/9780/3408/9780340896983.jpg,One Day,David Nicholls,Paperback,4.0,8.07,$,11.4,9780340896983,Romance,dataset/Romance/0000007.jpg
https://d1w7fb2mkkr3kw.cloudfront.net/assets/images/book/mid/9781/4059/9781405916363.jpg,Big Little Lies,Liane Moriarty,Paperback,4.5,9.55,$,9.8,9781405916363,Romance,dataset/Romance/0000008.jpg
https://d1w7fb2mkkr3kw.cloudfront.net/assets/images/book/mid/9780/1410/9780141036144.jpg,1984,George Orwell,Paperback,4.0,7.88,$,8.8,9780141036144,Science-Fiction-Fantasy-Horror,dataset/Science-Fiction-Fantasy-Horror/0000001.jpg
https://d1w7fb2mkkr3kw.cloudfront.net/assets/images/book/mid/9781/7847/9781784742324.jpg,The Testaments,Margaret Atwood,Hardback,4.0,20.92,$,26.3,9781784742324,Science-Fiction-Fantasy-Horror,dataset/Science-Fiction-Fantasy-Horror/0000002.jpg
https://d1w7fb2mkkr3kw.cloudfront.net/assets/images/book/mid/9780/1410/9780141036137.jpg,Animal Farm,George Orwell,Paperback,4.0,7.98,$,10.3,9780141036137,Science-Fiction-Fantasy-Horror,dataset/Science-Fiction-Fantasy-Horror/0000003.jpg
https://d1w7fb2mkkr3kw.cloudfront.net/assets/images/book/mid/9781/4088/9781408845646.jpg,Harry Potter and the Philosopher's Stone,J. K. Rowling,Hardback,4.5,30.91,$,38.6,9781408845646,Science-Fiction-Fantasy-Horror,dataset/Science-Fiction-Fantasy-Horror/0000004.jpg
https://d1w7fb2mkkr3kw.cloudfront.net/assets/images/book/mid/9781/4087/9781408708989.jpg,Fantastic Beasts and Where to Find Them,J. K. Rowling,Hardback,4.5,11.05,$,21.5,9781408708989,Science-Fiction-Fantasy-Horror,dataset/Science-Fiction-Fantasy-Horror/0000005.jpg
https://d1w7fb2mkkr3kw.cloudfront.net/assets/images/book/mid/9780/0064/9780006479888.jpg,A Game of Thrones,George R. R. Martin,Paperback,4.5,10.52,$,,9780006479888,Science-Fiction-Fantasy-Horror,dataset/Science-Fiction-Fantasy-Horror/0000006.jpg
https://d1w7fb2mkkr3kw.cloudfront.net/assets/images/book/mid/9781/4516/9781451690316.jpg,Fahrenheit 451,Ray Bradbury,Paperback,4.0,6.8,$,8.3,9781451690316,Science-Fiction-Fantasy-Horror,dataset/Science-Fiction-Fantasy-Horror/0000007.jpg
https://d1w7fb2mkkr3kw.cloudfront.net/assets/images/book/mid/9780/0995/9780099560432.jpg,Ready Player One,Ernest Cline,Paperback,4.5,8.82,$,10.5,9780099560432,Science-Fiction-Fantasy-Horror,dataset/Science-Fiction-Fantasy-Horror/0000008.jpg
https://d1w7fb2mkkr3kw.cloudfront.net/assets/images/book/mid/9780/0995/9780099590088.jpg,Sapiens,Yuval Noah Harari,Paperback,4.5,12.98,$,,9780099590088,Science-Geography,dataset/Science-Geography/0000001.jpg
https://d1w7fb2mkkr3kw.cloudfront.net/assets/images/book/mid/9781/7847/9781784701994.jpg,When Breath Becomes Air,Paul Kalanithi,Paperback,4.5,9.05,$,11.5,9781784701994,Science-Geography,dataset/Science-Geography/0000002.jpg
https://d1w7fb2mkkr3kw.cloudfront.net/assets/images/book/mid/9781/7847/9781784703936.jpg,Homo Deus,Yuval Noah Harari,Paperback,4.5,12.9,$,,9781784703936,Science-Geography,dataset/Science-Geography/0000003.jpg
https://d1w7fb2mkkr3kw.cloudfront.net/assets/images/book/mid/9781/4736/9781473695986.jpg,Brief Answers to the Big Questions,Stephen Hawking,Hardback,4.5,11.64,$,18.0,9781473695986,Science-Geography,dataset/Science-Geography/0000004.jpg
https://d1w7fb2mkkr3kw.cloudfront.net/assets/images/book/mid/9780/3305/9780330523622.jpg,The Man Who Mistook His Wife for a Hat,Oliver Sacks,Paperback,4.0,5.92,$,14.8,9780330523622,Science-Geography,dataset/Science-Geography/0000005.jpg
https://d1w7fb2mkkr3kw.cloudfront.net/assets/images/book/mid/9780/8575/9780857501004.jpg,A Brief History Of Time,Stephen Hawking,Paperback,4.0,9.62,$,12.4,9780857501004,Science-Geography,dataset/Science-Geography/0000006.jpg
https://d1w7fb2mkkr3kw.cloudfront.net/assets/images/book/mid/9781/7807/9781780723044.jpg,The Clever Guts Diet,Michael Mosley,Paperback,4.0,8.92,$,11.3,9781780723044,Science-Geography,dataset/Science-Geography/0000007.jpg
https://d1w7fb2mkkr3kw.cloudfront.net/assets/images/book/mid/9781/8466/9781846685828.jpg,Being Mortal,Atul Gawande,Paperback,4.5,9.03,$,11.5,9781846685828,Science-Geography,dataset/Science-Geography/0000008.jpg
https://d1w7fb2mkkr3kw.cloudfront.net/assets/images/book/mid/9780/0995/9780099590088.jpg,Sapiens,Yuval Noah Harari,Paperback,4.5,12.98,$,,9780099590088,Society-Social-Sciences,dataset/Society-Social-Sciences/0000001.jpg
https://d1w7fb2mkkr3kw.cloudfront.net/assets/images/book/mid/9781/4391/9781439199190.jpg,How to Win Friends and Influence People,Dale Carnegie,Paperback,4.0,8.3,$,9.5,9781439199190,Society-Social-Sciences,dataset/Society-Social-Sciences/0000002.jpg
https://d1w7fb2mkkr3kw.cloudfront.net/assets/images/book/mid/9780/1410/9780141033570.jpg,"Thinking, Fast and Slow",Daniel Kahneman,Paperback,4.0,11.5,$,15.0,9780141033570,Society-Social-Sciences,dataset/Society-Social-Sciences/0000003.jpg
https://d1w7fb2mkkr3kw.cloudfront.net/assets/images/book/mid/9780/1419/9780141986005.jpg,Good Night Stories for Rebel Girls,Elena Favilli,Hardback,4.5,20.86,$,24.0,9780141986005,Society-Social-Sciences,dataset/Society-Social-Sciences/0000004.jpg
https://d1w7fb2mkkr3kw.cloudfront.net/assets/images/book/mid/9780/2413/9780241334140.jpg,Becoming,Michelle Obama,Hardback,4.5,24.21,$,26.0,9780241334140,Society-Social-Sciences,dataset/Society-Social-Sciences/0000005.jpg
https://d1w7fb2mkkr3kw.cloudfront.net/assets/images/book/mid/9780/0995/9780099511021.jpg,Educated,Tara Westover,Paperback,4.5,9.61,$,11.5,9780099511021,Society-Social-Sciences,dataset/Society-Social-Sciences/0000006.jpg
https://d1w7fb2mkkr3kw.cloudfront.net/assets/images/book/mid/9780/2419/9780241958223.jpg,Start With Why,Simon Sinek,Paperback,4.0,8.9,$,12.4,9780241958223,Society-Social-Sciences,dataset/Society-Social-Sciences/0000007.jpg
https://d1w7fb2mkkr3kw.cloudfront.net/assets/images/book/mid/9781/7847/9781784701994.jpg,When Breath Becomes Air,Paul Kalanithi,Paperback,4.5,9.05,$,11.5,9781784701994,Society-Social-Sciences,dataset/Society-Social-Sciences/0000008.jpg
https://d1w7fb2mkkr3kw.cloudfront.net/assets/images/book/mid/9781/4721/9781472103536.jpg,Legacy,James Kerr,Paperback,4.0,9.7,$,16.0,9781472103536,Sport,dataset/Sport/0000001.jpg
https://d1w7fb2mkkr3kw.cloudfront.net/assets/images/book/mid/9781/8619/9781861978776.jpg,Born to Run,Christopher McDougall,Paperback,4.5,9.05,$,12.4,9781861978776,Sport,dataset/Sport/0000002.jpg
https://d1w7fb2mkkr3kw.cloudfront.net/assets/images/book/mid/9781/4504/9781450400244.jpg,Yoga Anatomy,Leslie Kaminoff,Paperback,4.5,17.73,$,21.1,9781450400244,Sport,dataset/Sport/0000003.jpg
https://d1w7fb2mkkr3kw.cloudfront.net/assets/images/book/mid/9780/0919/9780091939526.jpg,The 4-Hour Body,Timothy Ferriss,Paperback,4.0,19.32,$,,9780091939526,Sport,dataset/Sport/0000004.jpg
https://d1w7fb2mkkr3kw.cloudfront.net/assets/images/book/mid/9781/4059/9781405937184.jpg,The Salt Path,Raynor Winn,Paperback,4.0,9.53,$,12.9,9781405937184,Sport,dataset/Sport/0000005.jpg
https://d1w7fb2mkkr3kw.cloudfront.net/assets/images/book/mid/9781/4472/9781447200185.jpg,Into Thin Air,Jon Krakauer,Paperback,4.0,8.49,$,12.4,9781447200185,Sport,dataset/Sport/0000006.jpg
https://d1w7fb2mkkr3kw.cloudfront.net/assets/images/book/mid/9780/0995/9780099532538.jpg,What I Talk About When I Talk About Running,Haruki Murakami,Paperback,4.0,8.33,$,10.3,9780099532538,Sport,dataset/Sport/0000007.jpg
https://d1w7fb2mkkr3kw.cloudfront.net/assets/images/book/mid/9780/3073/9780307388407.jpg,Open,Andre Agassi,Paperback,4.0,11.97,$,12.4,9780307388407,Sport,dataset/Sport/0000008.jpg
https://d1w7fb2mkkr3kw.cloudfront.net/assets/images/book/mid/9781/7806/9781780674872.jpg,Enchanted Forest,Johanna Basford,Paperback,4.5,12.23,$,12.4,9781780674872,Stationery,dataset/Stationery/0000001.jpg
https://d1w7fb2mkkr3kw.cloudfront.net/assets/images/book/mid/9781/7837/9781783705481.jpg,Harry Potter Colouring Book,J. K. Rowling,Paperback,4.5,9.52,$,12.4,9781783705481,Stationery,dataset/Stationery/0000002.jpg
https://d1w7fb2mkkr3kw.cloudfront.net/assets/images/book/mid/9780/3077/9780307719775.jpg,Q And A A Day,Potter Style,Hardback,4.5,12.52,$,18.5,9780307719775,Stationery,dataset/Stationery/0000003.jpg
https://d1w7fb2mkkr3kw.cloudfront.net/assets/images/book/mid/9780/7522/9780752265629.jpg,The Mindfulness Colouring Book,Emma Farrarons,Paperback,4.0,6.8,$,10.5,9780752265629,Stationery,dataset/Stationery/0000004.jpg
https://d1w7fb2mkkr3kw.cloudfront.net/assets/images/book/mid/9780/1419/9780141976143.jpg,Wreck This Journal,Keri Smith,Paperback,4.0,9.59,$,12.9,9780141976143,Stationery,dataset/Stationery/0000005.jpg
https://d1w7fb2mkkr3kw.cloudfront.net/assets/images/book/mid/9788/8837/9788883705625.jpg,Moleskine Large Watercolour Album And Notebook,Moleskine,Notebook / blank book,0.0,11.86,$,19.9,9788883705625,Stationery,dataset/Stationery/0000006.jpg
https://d1w7fb2mkkr3kw.cloudfront.net/assets/images/book/mid/9788/8837/9788883701122.jpg,Moleskine Large Ruled Hardcover Notebook Black,Moleskine,Notebook / blank book,4.5,12.97,$,18.9,9788883701122,Stationery,dataset/Stationery/0000007.jpg
https://d1w7fb2mkkr3kw.cloudfront.net/assets/images/book/mid/9780/8118/9780811870191.jpg,One Line a Day,Chronicle Books,Calendar,4.5,9.65,$,13.5,9780811870191,Stationery,dataset/Stationery/0000008.jpg
https://d1w7fb2mkkr3kw.cloudfront.net/assets/images/book/mid/9780/0995/9780099511021.jpg,Educated,Tara Westover,Paperback,4.5,9.61,$,11.5,9780099511021,Teaching-Resources-Education,dataset/Teaching-Resources-Education/0000001.jpg
https://d1w7fb2mkkr3kw.cloudfront.net/assets/images/book/mid/9781/4721/9781472139955.jpg,Mindset - Updated Edition,Carol Dweck,Paperback,4.0,8.60,$,13.9,9781472139955,Teaching-Resources-Education,dataset/Teaching-Resources-Education/0000002.jpg
https://d1w7fb2mkkr3kw.cloudfront.net/assets/images/book/mid/9780/9522/9780952256403.jpg,Toe by Toe,Keda Cowling,Paperback,4.0,35.65,$,,9780952256403,Teaching-Resources-Education,dataset/Teaching-Resources-Education/0000003.jpg
https://d1w7fb2mkkr3kw.cloudfront.net/assets/images/book/mid/9781/7802/9781780226583.jpg,I Am Malala,Malala Yousafzai,Paperback,4.0,8.25,$,11.4,9781780226583,Teaching-Resources-Education,dataset/Teaching-Resources-Education/0000004.jpg
https://d1w7fb2mkkr3kw.cloudfront.net/assets/images/book/mid/9781/5235/9781523506897.jpg,The Montessori Toddler,Simone Davies,Paperback,4.5,14.41,$,17.95,9781523506897,Teaching-Resources-Education,dataset/Teaching-Resources-Education/0000005.jpg
https://d1w7fb2mkkr3kw.cloudfront.net/assets/images/book/mid/9781/7803/9781780338378.jpg,The Whole-Brain Child,Tina Payne Bryson,Paperback,4.0,11.23,$,17.0,9781780338378,Teaching-Resources-Education,dataset/Teaching-Resources-Education/0000006.jpg
https://d1w7fb2mkkr3kw.cloudfront.net/assets/images/book/mid/9780/4156/9780415690157.jpg,Visible Learning for Teachers,John Hattie,Paperback,4.0,36.16,$,37.1,9780415690157,Teaching-Resources-Education,dataset/Teaching-Resources-Education/0000007.jpg
https://d1w7fb2mkkr3kw.cloudfront.net/assets/images/book/mid/9780/0919/9780091906351.jpg,How to Win Friends and Influence People,Dale Carnegie,Paperback,4.0,7.06,$,10.73,9780091906351,Teaching-Resources-Education,dataset/Teaching-Resources-Education/0000008.jpg
https://d1w7fb2mkkr3kw.cloudfront.net/assets/images/book/mid/9781/7847/9781784703936.jpg,Homo Deus,Yuval Noah Harari,Paperback,4.5,12.9,$,,9781784703936,Technology-Engineering,dataset/Technology-Engineering/0000001.jpg
https://d1w7fb2mkkr3kw.cloudfront.net/assets/images/book/mid/9780/0074/9780007420124.jpg,The Art of War,Sun Tzu,Paperback,4.0,3.03,$,3.11,9780007420124,Technology-Engineering,dataset/Technology-Engineering/0000002.jpg
https://d1w7fb2mkkr3kw.cloudfront.net/assets/images/book/mid/9780/7535/9780753557525.jpg,Elon Musk,Ashlee Vance,Paperback,4.0,7.61,$,7.8,9780753557525,Technology-Engineering,dataset/Technology-Engineering/0000003.jpg
https://d1w7fb2mkkr3kw.cloudfront.net/assets/images/book/mid/9781/5098/9781509868087.jpg,Bad Blood,John Carreyrou,Paperback,4.5,8.4,$,12.4,9781509868087,Technology-Engineering,dataset/Technology-Engineering/0000004.jpg
https://d1w7fb2mkkr3kw.cloudfront.net/assets/images/book/mid/9780/3936/9780393609394.jpg,Astrophysics for People in a Hurry,Neil Degrasse Tyson,Hardback,4.0,13.37,$,17.0,9780393609394,Technology-Engineering,dataset/Technology-Engineering/0000005.jpg
https://d1w7fb2mkkr3kw.cloudfront.net/assets/images/book/mid/9780/0919/9780091922344.jpg,Ottolenghi: The Cookbook,Yotam Ottolenghi,Hardback,4.5,29.7,$,31.99,9780091922344,Technology-Engineering,dataset/Technology-Engineering/0000006.jpg
https://d1w7fb2mkkr3kw.cloudfront.net/assets/images/book/mid/9781/5796/9781579657185.jpg,The Noma Guide to Fermentation (Foundations of Flavor),René Redzepi,Hardback,4.5,25.75,$,35.95,9781579657185,Technology-Engineering,dataset/Technology-Engineering/0000007.jpg
https://d1w7fb2mkkr3kw.cloudfront.net/assets/images/book/mid/9780/5457/9780545703307.jpg,Lego Chain Reactions,Pat Murphy,Mixed media product,4.0,12.99,$,17.0,9780545703307,Technology-Engineering,dataset/Technology-Engineering/0000008.jpg
https://d1w7fb2mkkr3kw.cloudfront.net/assets/images/book/mid/9781/8532/9781853261589.jpg,The Little Prince,Antoine de Saint-Exupery,Paperback,4.5,3.19,$,,9781853261589,Teen-Young-Adult,dataset/Teen-Young-Adult/0000001.jpg
https://d1w7fb2mkkr3kw.cloudfront.net/assets/images/book/mid/9780/7515/9780751565355.jpg,Harry Potter and the Cursed Child - Parts I & II,J. K. Rowling,Hardback,3.5,15.43,$,26.3,9780751565355,Teen-Young-Adult,dataset/Teen-Young-Adult/0000002.jpg
https://d1w7fb2mkkr3kw.cloudfront.net/assets/images/book/mid/9780/5525/9780552565974.jpg,Wonder,R. J. Palacio,Paperback,4.5,8.32,$,8.8,9780552565974,Teen-Young-Adult,dataset/Teen-Young-Adult/0000003.jpg
https://d1w7fb2mkkr3kw.cloudfront.net/assets/images/book/mid/9780/1413/9780141340555.jpg,Roald Dahl's Marvellous Joke Book,Roald Dahl,Paperback,4.0,5.84,$,6.2,9780141340555,Teen-Young-Adult,dataset/Teen-Young-Adult/0000004.jpg
https://d1w7fb2mkkr3kw.cloudfront.net/assets/images/book/mid/9781/7805/9781780552491.jpg,Brain Games For Clever Kids,Gareth Moore,Paperback,4.0,4.5,$,6.2,9781780552491,Teen-Young-Adult,dataset/Teen-Young-Adult/0000005.jpg
https://d1w7fb2mkkr3kw.cloudfront.net/assets/images/book/mid/9781/4088/9781408845646.jpg,Harry Potter and the Philosopher's Stone,J. K. Rowling,Hardback,4.5,30.91,$,38.6,9781408845646,Teen-Young-Adult,dataset/Teen-Young-Adult/0000006.jpg
https://d1w7fb2mkkr3kw.cloudfront.net/assets/images/book/mid/9781/4087/9781408708989.jpg,Fantastic Beasts and Where to Find Them,J. K. Rowling,Hardback,4.5,11.05,$,21.5,9781408708989,Teen-Young-Adult,dataset/Teen-Young-Adult/0000007.jpg
https://d1w7fb2mkkr3kw.cloudfront.net/assets/images/book/mid/9780/4390/9780439023528.jpg,The Hunger Games,Suzanne Collins,Paperback,4.5,10.96,$,12.9,9780439023528,Teen-Young-Adult,dataset/Teen-Young-Adult/0000008.jpg
https://d1w7fb2mkkr3kw.cloudfront.net/assets/images/book/mid/9781/9084/9781908402479.jpg,Bradshaw's Continental Railway Guide full edition,,Hardback,4.0,26.51,$,30.9,9781908402479,Transport,dataset/Transport/0000001.jpg
https://d1w7fb2mkkr3kw.cloudfront.net/assets/images/book/mid/9781/9084/9781908402486.jpg,Bradshaw's Handbook,George Bradshaw,Hardback,4.0,18.05,$,30.9,9781908402486,Transport,dataset/Transport/0000002.jpg
https://d1w7fb2mkkr3kw.cloudfront.net/assets/images/book/mid/9781/8412/9781841210803.jpg,Awesome Engines,Margaret Mayo,Paperback,4.0,7.07,$,8.8,9781841210803,Transport,dataset/Transport/0000003.jpg
https://d1w7fb2mkkr3kw.cloudfront.net/assets/images/book/mid/9781/9084/9781908402028.jpg,Bradshaw's Handbook,George Bradshaw,Hardback,4.0,11.58,$,12.4,9781908402028,Transport,dataset/Transport/0000004.jpg
https://d1w7fb2mkkr3kw.cloudfront.net/assets/images/book/mid/9780/1400/9780140054101.jpg,Jupiter's Travels,Ted Simon,Paperback,4.0,10.33,$,12.9,9780140054101,Transport,dataset/Transport/0000005.jpg
https://d1w7fb2mkkr3kw.cloudfront.net/assets/images/book/mid/9781/8412/9781841212722.jpg,Awesome Engines: Emergency!,Margaret Mayo,Paperback,4.0,7.0,$,8.8,9781841212722,Transport,dataset/Transport/0000006.jpg
https://d1w7fb2mkkr3kw.cloudfront.net/assets/images/book/mid/9781/8452/9781845295530.jpg,A Brief History of the Age of Steam,Thomas Crump,Paperback,3.5,5.52,$,11.4,9781845295530,Transport,dataset/Transport/0000007.jpg
https://d1w7fb2mkkr3kw.cloudfront.net/assets/images/book/mid/9781/8647/9781864711349.jpg,Batavia,Peter Fitzsimons,Paperback,4.0,26.57,$,29.3,9781864711349,Transport,dataset/Transport/0000008.jpg
https://d1w7fb2mkkr3kw.cloudfront.net/assets/images/book/mid/9780/2412/9780241283912.jpg,The Little Book of Hygge,Meik Wiking,Hardback,3.5,11.61,$,11.99,9780241283912,Travel-Holiday-Guides,dataset/Travel-Holiday-Guides/0000001.jpg
https://d1w7fb2mkkr3kw.cloudfront.net/assets/images/book/mid/9780/7475/9780747585664.jpg,"Eat, Pray, Love",Elizabeth Gilbert,Paperback,3.5,8.86,$,11.4,9780747585664,Travel-Holiday-Guides,dataset/Travel-Holiday-Guides/0000002.jpg
https://d1w7fb2mkkr3kw.cloudfront.net/assets/images/book/mid/9781/2500/9781250038821.jpg,Humans of New York,Brandon Stanton,Hardback,4.5,21.46,$,30.4,9781250038821,Travel-Holiday-Guides,dataset/Travel-Holiday-Guides/0000003.jpg
https://d1w7fb2mkkr3kw.cloudfront.net/assets/images/book/mid/9781/8619/9781861978776.jpg,Born to Run,Christopher McDougall,Paperback,4.5,9.05,$,12.4,9781861978776,Travel-Holiday-Guides,dataset/Travel-Holiday-Guides/0000004.jpg
https://d1w7fb2mkkr3kw.cloudfront.net/assets/images/book/mid/9781/4059/9781405930994.jpg,Lion,Saroo Brierley,Paperback,4.0,8.85,$,10.8,9781405930994,Travel-Holiday-Guides,dataset/Travel-Holiday-Guides/0000005.jpg
https://d1w7fb2mkkr3kw.cloudfront.net/assets/images/book/mid/9780/3303/9780330351690.jpg,Into the Wild,Jon Krakauer,Paperback,4.0,7.07,$,11.4,9780330351690,Travel-Holiday-Guides,dataset/Travel-Holiday-Guides/0000006.jpg
https://d1w7fb2mkkr3kw.cloudfront.net/assets/images/book/mid/9781/4059/9781405937184.jpg,The Salt Path,Raynor Winn,Paperback,4.0,9.53,$,12.9,9781405937184,Travel-Holiday-Guides,dataset/Travel-Holiday-Guides/0000007.jpg
https://d1w7fb2mkkr3kw.cloudfront.net/assets/images/book/mid/9781/7823/9781782390626.jpg,Wild,Cheryl Strayed,Paperback,4.0,8.79,$,9.5,9781782390626,Travel-Holiday-Guides,dataset/Travel-Holiday-Guides/0000008.jpg
